id_partido,match_no,fase,ronda,grupo,fecha_local,dia_semana_en,hora_local_12h,hora_local_24h,timezone_sede,datetime_local_iso,datetime_utc_iso,fecha_peru,hora_peru,datetime_peru_iso,id_equipo_local,equipo_local,equipo_local_original,codigo_local,id_equipo_visitante,equipo_visitante,equipo_visitante_original,codigo_visitante,id_sede,ciudad,pais_sede,estadio,nombre_fifa_estadio,partido_nombre,estado,resultado,goles_local,goles_visitante,fuente_fixture,fuente_verificacion_fifa,nota
1,1,Fase de grupos,Group Stage,A,2026-06-11,Thursday,4:00 pm,16:00,America/Mexico_City,2026-06-11T16:00:00-06:00,2026-06-11T22:00:00+00:00,2026-06-11,17:00,2026-06-11T17:00:00-05:00,28,Mexico,Mexico,MEX,40,South Africa,South Africa,RSA,,Mexico City,Mexico,Estadio Azteca,Mexico City Stadium,Mexico vs South Africa,To be played,,,,https://fifaworldcup26.hospitality.fifa.com/,https://www.fifa.com/en/tournaments/mens/worldcup/canadamexicousa2026/scores-fixtures,Fixture extraído de FIFA World Cup 2026 Hospitality/On Location. Horas interpretadas como hora local de la sede y convertidas a UTC y America/Lima.
2,2,Fase de grupos,Group Stage,A,2026-06-11,Thursday,4:00 pm,16:00,America/Mexico_City,2026-06-11T16:00:00-06:00,2026-06-11T22:00:00+00:00,2026-06-11,17:00,2026-06-11T17:00:00-05:00,27,Korea Republic,Korea Republic,KOR,14,Czechia,Czechia,CZE,10,Guadalajara,Mexico,Estadio Akron,Guadalajara Stadium,Korea Republic vs Czechia,To be played,,,,https://fifaworldcup26.hospitality.fifa.com/,https://www.fifa.com/en/tournaments/mens/worldcup/canadamexicousa2026/scores-fixtures,Fixture extraído de FIFA World Cup 2026 Hospitality/On Location. Horas interpretadas como hora local de la sede y convertidas a UTC y America/Lima.
3,3,Fase de grupos,Group Stage,B,2026-06-12,Friday,4:00 pm,16:00,America/Toronto,2026-06-12T16:00:00-04:00,2026-06-12T20:00:00+00:00,2026-06-12,15:00,2026-06-12T15:00:00-05:00,9,Canada,Canada,CAN,6,Bosnia And Herzegovina,Bosnia & Herzegovina,BIH,8,Toronto,Canada,BMO Field,Toronto Stadium,Canada vs Bosnia And Herzegovina,To be played,,,,https://fifaworldcup26.hospitality.fifa.com/,https://www.fifa.com/en/tournaments/mens/worldcup/canadamexicousa2026/scores-fixtures,Fixture extraído de FIFA World Cup 2026 Hospitality/On Location. Horas interpretadas como hora local de la sede y convertidas a UTC y America/Lima.
4,4,Fase de grupos,Group Stage,D,2026-06-12,Friday,6:00 pm,18:00,America/Los_Angeles,2026-06-12T18:00:00-07:00,2026-06-13T01:00:00+00:00,2026-06-12,20:00,2026-06-12T20:00:00-05:00,46,United States,United States,USA,34,Paraguay,Paraguay,PAR,,Los Angeles,United States,SoFi Stadium,Los Angeles Stadium,United States vs Paraguay,To be played,,,,https://fifaworldcup26.hospitality.fifa.com/,https://www.fifa.com/en/tournaments/mens/worldcup/canadamexicousa2026/scores-fixtures,Fixture extraído de FIFA World Cup 2026 Hospitality/On Location. Horas interpretadas como hora local de la sede y convertidas a UTC y America/Lima.
5,5,Fase de grupos,Group Stage,C,2026-06-13,Saturday,9:00 pm,21:00,America/New_York,2026-06-13T21:00:00-04:00,2026-06-14T01:00:00+00:00,2026-06-13,20:00,2026-06-13T20:00:00-05:00,22,Haiti,Haiti,HAI,38,Scotland,Scotland,SCO,2,Boston,United States,Gillette Stadium,Boston Stadium,Haiti vs Scotland,To be played,,,,https://fifaworldcup26.hospitality.fifa.com/,https://www.fifa.com/en/tournaments/mens/worldcup/canadamexicousa2026/scores-fixtures,Fixture extraído de FIFA World Cup 2026 Hospitality/On Location. Horas interpretadas como hora local de la sede y convertidas a UTC y America/Lima.
6,6,Fase de grupos,Group Stage,D,2026-06-13,Saturday,9:00 pm,21:00,America/Vancouver,2026-06-13T21:00:00-07:00,2026-06-14T04:00:00+00:00,2026-06-13,23:00,2026-06-13T23:00:00-05:00,3,Australia,Australia,AUS,45,Türkiye,Turkiye,TUR,9,Vancouver,Canada,BC Place,BC Place Vancouver,Australia vs Türkiye,To be played,,,,https://fifaworldcup26.hospitality.fifa.com/,https://www.fifa.com/en/tournaments/mens/worldcup/canadamexicousa2026/scores-fixtures,Fixture extraído de FIFA World Cup 2026 Hospitality/On Location. Horas interpretadas como hora local de la sede y convertidas a UTC y America/Lima.
7,7,Fase de grupos,Group Stage,C,2026-06-13,Saturday,6:00 pm,18:00,America/New_York,2026-06-13T18:00:00-04:00,2026-06-13T22:00:00+00:00,2026-06-13,17:00,2026-06-13T17:00:00-05:00,7,Brazil,Brazil,BRA,29,Morocco,Morocco,MAR,,New York New Jersey,United States,MetLife Stadium,New York New Jersey Stadium,Brazil vs Morocco,To be played,,,,https://fifaworldcup26.hospitality.fifa.com/,https://www.fifa.com/en/tournaments/mens/worldcup/canadamexicousa2026/scores-fixtures,Fixture extraído de FIFA World Cup 2026 Hospitality/On Location. Horas interpretadas como hora local de la sede y convertidas a UTC y America/Lima.
8,8,Fase de grupos,Group Stage,B,2026-06-13,Saturday,12:00 pm,12:00,America/Los_Angeles,2026-06-13T12:00:00-07:00,2026-06-13T19:00:00+00:00,2026-06-13,14:00,2026-06-13T14:00:00-05:00,36,Qatar,Qatar,QAT,43,Switzerland,Switzerland,SUI,,San Francisco Bay Area,United States,Levi's Stadium,San Francisco Bay Area Stadium,Qatar vs Switzerland,To be played,,,,https://fifaworldcup26.hospitality.fifa.com/,https://www.fifa.com/en/tournaments/mens/worldcup/canadamexicousa2026/scores-fixtures,Fixture extraído de FIFA World Cup 2026 Hospitality/On Location. Horas interpretadas como hora local de la sede y convertidas a UTC y America/Lima.
9,9,Fase de grupos,Group Stage,E,2026-06-14,Sunday,4:00 pm,16:00,America/New_York,2026-06-14T16:00:00-04:00,2026-06-14T20:00:00+00:00,2026-06-14,15:00,2026-06-14T15:00:00-05:00,15,Côte D'Ivoire,Côte d'Ivoire,CIV,16,Ecuador,Ecuador,ECU,6,Philadelphia,United States,Lincoln Financial Field,Philadelphia Stadium,Côte D'Ivoire vs Ecuador,To be played,,,,https://fifaworldcup26.hospitality.fifa.com/,https://www.fifa.com/en/tournaments/mens/worldcup/canadamexicousa2026/scores-fixtures,Fixture extraído de FIFA World Cup 2026 Hospitality/On Location. Horas interpretadas como hora local de la sede y convertidas a UTC y America/Lima.
10,10,Fase de grupos,Group Stage,E,2026-06-14,Sunday,4:00 pm,16:00,America/Chicago,2026-06-14T16:00:00-05:00,2026-06-14T21:00:00+00:00,2026-06-14,16:00,2026-06-14T16:00:00-05:00,20,Germany,Germany,GER,13,Curaçao,Curaçao,CUW,4,Houston,United States,NRG Stadium,Houston Stadium,Germany vs Curaçao,To be played,,,,https://fifaworldcup26.hospitality.fifa.com/,https://www.fifa.com/en/tournaments/mens/worldcup/canadamexicousa2026/scores-fixtures,Fixture extraído de FIFA World Cup 2026 Hospitality/On Location. Horas interpretadas como hora local de la sede y convertidas a UTC y America/Lima.
11,11,Fase de grupos,Group Stage,F,2026-06-14,Sunday,4:00 pm,16:00,America/Chicago,2026-06-14T16:00:00-05:00,2026-06-14T21:00:00+00:00,2026-06-14,16:00,2026-06-14T16:00:00-05:00,30,Netherlands,Netherlands,NED,25,Japan,Japan,JPN,3,Dallas,United States,AT&T Stadium,Dallas Stadium,Netherlands vs Japan,To be played,,,,https://fifaworldcup26.hospitality.fifa.com/,https://www.fifa.com/en/tournaments/mens/worldcup/canadamexicousa2026/scores-fixtures,Fixture extraído de FIFA World Cup 2026 Hospitality/On Location. Horas interpretadas como hora local de la sede y convertidas a UTC y America/Lima.
12,12,Fase de grupos,Group Stage,F,2026-06-14,Sunday,7:00pm,16:00,America/Monterrey,,,2026-06-14,16:00,,42,Sweden,Sweden,SWE,44,Tunisia,Tunisia,TUN,11,Monterrey,Mexico,Estadio BBVA,Monterrey Stadium,Sweden vs Tunisia,To be played,,,,https://fifaworldcup26.hospitality.fifa.com/,https://www.fifa.com/en/tournaments/mens/worldcup/canadamexicousa2026/scores-fixtures,Fixture extraído de FIFA World Cup 2026 Hospitality/On Location. Horas interpretadas como hora local de la sede y convertidas a UTC y America/Lima. FECHA_REPARADA_POR_CONTEXTO_REVISAR.
13,13,Fase de grupos,Group Stage,H,2026-06-15,Monday,4:00 pm,16:00,America/New_York,2026-06-15T16:00:00-04:00,2026-06-15T20:00:00+00:00,2026-06-15,15:00,2026-06-15T15:00:00-05:00,37,Saudi Arabia,Saudi Arabia,KSA,47,Uruguay,Uruguay,URU,5,Miami,United States,Hard Rock Stadium,Miami Stadium,Saudi Arabia vs Uruguay,To be played,,,,https://fifaworldcup26.hospitality.fifa.com/,https://www.fifa.com/en/tournaments/mens/worldcup/canadamexicousa2026/scores-fixtures,Fixture extraído de FIFA World Cup 2026 Hospitality/On Location. Horas interpretadas como hora local de la sede y convertidas a UTC y America/Lima.
14,14,Fase de grupos,Group Stage,H,2026-06-15,Monday,4:00 pm,16:00,America/New_York,2026-06-15T16:00:00-04:00,2026-06-15T20:00:00+00:00,2026-06-15,15:00,2026-06-15T15:00:00-05:00,41,Spain,Spain,ESP,8,Cabo Verde,Cape Verde,CPV,1,Atlanta,United States,Mercedes-Benz Stadium,Atlanta Stadium,Spain vs Cabo Verde,To be played,,,,https://fifaworldcup26.hospitality.fifa.com/,https://www.fifa.com/en/tournaments/mens/worldcup/canadamexicousa2026/scores-fixtures,Fixture extraído de FIFA World Cup 2026 Hospitality/On Location. Horas interpretadas como hora local de la sede y convertidas a UTC y America/Lima.
15,15,Fase de grupos,Group Stage,G,2026-06-15,Monday,4:00 pm,16:00,America/Los_Angeles,2026-06-15T16:00:00-07:00,2026-06-15T23:00:00+00:00,2026-06-15,18:00,2026-06-15T18:00:00-05:00,23,Iran,IR Iran,IRN,31,New Zealand,New Zealand,NZL,,Los Angeles,United States,SoFi Stadium,Los Angeles Stadium,Iran vs New Zealand,To be played,,,,https://fifaworldcup26.hospitality.fifa.com/,https://www.fifa.com/en/tournaments/mens/worldcup/canadamexicousa2026/scores-fixtures,Fixture extraído de FIFA World Cup 2026 Hospitality/On Location. Horas interpretadas como hora local de la sede y convertidas a UTC y America/Lima.
16,16,Fase de grupos,Group Stage,G,2026-06-15,Monday,7:00pm,16:00,America/Los_Angeles,,,2026-06-15,16:00,,5,Belgium,Belgium,BEL,17,Egypt,Egypt,EGY,7,Seattle,United States,Lumen Field,Seattle Stadium,Belgium vs Egypt,To be played,,,,https://fifaworldcup26.hospitality.fifa.com/,https://www.fifa.com/en/tournaments/mens/worldcup/canadamexicousa2026/scores-fixtures,Fixture extraído de FIFA World Cup 2026 Hospitality/On Location. Horas interpretadas como hora local de la sede y convertidas a UTC y America/Lima. FECHA_REPARADA_POR_CONTEXTO_REVISAR.
17,17,Fase de grupos,Group Stage,I,2026-06-16,Tuesday,4:00 pm,16:00,America/New_York,2026-06-16T16:00:00-04:00,2026-06-16T20:00:00+00:00,2026-06-16,15:00,2026-06-16T15:00:00-05:00,19,France,France,FRA,39,Senegal,Senegal,SEN,,New York New Jersey,United States,MetLife Stadium,New York New Jersey Stadium,France vs Senegal,To be played,,,,https://fifaworldcup26.hospitality.fifa.com/,https://www.fifa.com/en/tournaments/mens/worldcup/canadamexicousa2026/scores-fixtures,Fixture extraído de FIFA World Cup 2026 Hospitality/On Location. Horas interpretadas como hora local de la sede y convertidas a UTC y America/Lima.
18,18,Fase de grupos,Group Stage,I,2026-06-16,Tuesday,4:00 pm,16:00,America/New_York,2026-06-16T16:00:00-04:00,2026-06-16T20:00:00+00:00,2026-06-16,15:00,2026-06-16T15:00:00-05:00,24,Iraq,Iraq,IRQ,32,Norway,Norway,NOR,2,Boston,United States,Gillette Stadium,Boston Stadium,Iraq vs Norway,To be played,,,,https://fifaworldcup26.hospitality.fifa.com/,https://www.fifa.com/en/tournaments/mens/worldcup/canadamexicousa2026/scores-fixtures,Fixture extraído de FIFA World Cup 2026 Hospitality/On Location. Horas interpretadas como hora local de la sede y convertidas a UTC y America/Lima.
19,19,Fase de grupos,Group Stage,J,2026-06-16,Tuesday,4:00 pm,16:00,America/Chicago,2026-06-16T16:00:00-05:00,2026-06-16T21:00:00+00:00,2026-06-16,16:00,2026-06-16T16:00:00-05:00,2,Argentina,Argentina,ARG,1,Algeria,Algeria,ALG,,Kansas City,United States,Arrowhead Stadium,Kansas City Stadium,Argentina vs Algeria,To be played,,,,https://fifaworldcup26.hospitality.fifa.com/,https://www.fifa.com/en/tournaments/mens/worldcup/canadamexicousa2026/scores-fixtures,Fixture extraído de FIFA World Cup 2026 Hospitality/On Location. Horas interpretadas como hora local de la sede y convertidas a UTC y America/Lima.
20,20,Fase de grupos,Group Stage,J,2026-06-16,Tuesday,5:00pm,16:00,America/Los_Angeles,,,2026-06-16,16:00,,4,Austria,Austria,AUT,26,Jordan,Jordan,JOR,,San Francisco Bay Area,United States,Levi's Stadium,San Francisco Bay Area Stadium,Austria vs Jordan,To be played,,,,https://fifaworldcup26.hospitality.fifa.com/,https://www.fifa.com/en/tournaments/mens/worldcup/canadamexicousa2026/scores-fixtures,Fixture extraído de FIFA World Cup 2026 Hospitality/On Location. Horas interpretadas como hora local de la sede y convertidas a UTC y America/Lima. FECHA_REPARADA_POR_CONTEXTO_REVISAR.
21,21,Fase de grupos,Group Stage,L,2026-06-17,Wednesday,4:00 pm,16:00,America/Toronto,2026-06-17T16:00:00-04:00,2026-06-17T20:00:00+00:00,2026-06-17,15:00,2026-06-17T15:00:00-05:00,21,Ghana,Ghana,GHA,33,Panama,Panama,PAN,8,Toronto,Canada,BMO Field,Toronto Stadium,Ghana vs Panama,To be played,,,,https://fifaworldcup26.hospitality.fifa.com/,https://www.fifa.com/en/tournaments/mens/worldcup/canadamexicousa2026/scores-fixtures,Fixture extraído de FIFA World Cup 2026 Hospitality/On Location. Horas interpretadas como hora local de la sede y convertidas a UTC y America/Lima.
22,22,Fase de grupos,Group Stage,L,2026-06-17,Wednesday,4:00 pm,16:00,America/Chicago,2026-06-17T16:00:00-05:00,2026-06-17T21:00:00+00:00,2026-06-17,16:00,2026-06-17T16:00:00-05:00,18,England,England,ENG,12,Croatia,Croatia,CRO,3,Dallas,United States,AT&T Stadium,Dallas Stadium,England vs Croatia,To be played,,,,https://fifaworldcup26.hospitality.fifa.com/,https://www.fifa.com/en/tournaments/mens/worldcup/canadamexicousa2026/scores-fixtures,Fixture extraído de FIFA World Cup 2026 Hospitality/On Location. Horas interpretadas como hora local de la sede y convertidas a UTC y America/Lima.
23,23,Fase de grupos,Group Stage,K,2026-06-17,Wednesday,4:00 pm,16:00,America/Chicago,2026-06-17T16:00:00-05:00,2026-06-17T21:00:00+00:00,2026-06-17,16:00,2026-06-17T16:00:00-05:00,35,Portugal,Portugal,POR,11,Congo DR,Congo DR,COD,4,Houston,United States,NRG Stadium,Houston Stadium,Portugal vs Congo DR,To be played,,,,https://fifaworldcup26.hospitality.fifa.com/,https://www.fifa.com/en/tournaments/mens/worldcup/canadamexicousa2026/scores-fixtures,Fixture extraído de FIFA World Cup 2026 Hospitality/On Location. Horas interpretadas como hora local de la sede y convertidas a UTC y America/Lima.
24,24,Fase de grupos,Group Stage,K,2026-06-17,Wednesday,4:00 pm,16:00,America/Mexico_City,2026-06-17T16:00:00-06:00,2026-06-17T22:00:00+00:00,2026-06-17,17:00,2026-06-17T17:00:00-05:00,48,Uzbekistan,Uzbekistan,UZB,10,Colombia,Colombia,COL,,Mexico City,Mexico,Estadio Azteca,Mexico City Stadium,Uzbekistan vs Colombia,To be played,,,,https://fifaworldcup26.hospitality.fifa.com/,https://www.fifa.com/en/tournaments/mens/worldcup/canadamexicousa2026/scores-fixtures,Fixture extraído de FIFA World Cup 2026 Hospitality/On Location. Horas interpretadas como hora local de la sede y convertidas a UTC y America/Lima.
25,25,Fase de grupos,Group Stage,A,2026-06-18,Thursday,4:00 pm,16:00,America/New_York,2026-06-18T16:00:00-04:00,2026-06-18T20:00:00+00:00,2026-06-18,15:00,2026-06-18T15:00:00-05:00,14,Czechia,Czechia,CZE,40,South Africa,South Africa,RSA,1,Atlanta,United States,Mercedes-Benz Stadium,Atlanta Stadium,Czechia vs South Africa,To be played,,,,https://fifaworldcup26.hospitality.fifa.com/,https://www.fifa.com/en/tournaments/mens/worldcup/canadamexicousa2026/scores-fixtures,Fixture extraído de FIFA World Cup 2026 Hospitality/On Location. Horas interpretadas como hora local de la sede y convertidas a UTC y America/Lima.
26,26,Fase de grupos,Group Stage,B,2026-06-18,Thursday,4:00 pm,16:00,America/Los_Angeles,2026-06-18T16:00:00-07:00,2026-06-18T23:00:00+00:00,2026-06-18,18:00,2026-06-18T18:00:00-05:00,43,Switzerland,Switzerland,SUI,6,Bosnia And Herzegovina,Bosnia & Herzegovina,BIH,,Los Angeles,United States,SoFi Stadium,Los Angeles Stadium,Switzerland vs Bosnia And Herzegovina,To be played,,,,https://fifaworldcup26.hospitality.fifa.com/,https://www.fifa.com/en/tournaments/mens/worldcup/canadamexicousa2026/scores-fixtures,Fixture extraído de FIFA World Cup 2026 Hospitality/On Location. Horas interpretadas como hora local de la sede y convertidas a UTC y America/Lima.
27,27,Fase de grupos,Group Stage,B,2026-06-18,Thursday,4:00 pm,16:00,America/Vancouver,2026-06-18T16:00:00-07:00,2026-06-18T23:00:00+00:00,2026-06-18,18:00,2026-06-18T18:00:00-05:00,9,Canada,Canada,CAN,36,Qatar,Qatar,QAT,9,Vancouver,Canada,BC Place,BC Place Vancouver,Canada vs Qatar,To be played,,,,https://fifaworldcup26.hospitality.fifa.com/,https://www.fifa.com/en/tournaments/mens/worldcup/canadamexicousa2026/scores-fixtures,Fixture extraído de FIFA World Cup 2026 Hospitality/On Location. Horas interpretadas como hora local de la sede y convertidas a UTC y America/Lima.
28,28,Fase de grupos,Group Stage,A,2026-06-18,Thursday,4:00 pm,16:00,America/Mexico_City,2026-06-18T16:00:00-06:00,2026-06-18T22:00:00+00:00,2026-06-18,17:00,2026-06-18T17:00:00-05:00,28,Mexico,Mexico,MEX,27,Korea Republic,Korea Republic,KOR,10,Guadalajara,Mexico,Estadio Akron,Guadalajara Stadium,Mexico vs Korea Republic,To be played,,,,https://fifaworldcup26.hospitality.fifa.com/,https://www.fifa.com/en/tournaments/mens/worldcup/canadamexicousa2026/scores-fixtures,Fixture extraído de FIFA World Cup 2026 Hospitality/On Location. Horas interpretadas como hora local de la sede y convertidas a UTC y America/Lima.
29,29,Fase de grupos,Group Stage,C,2026-06-19,Friday,4:00 pm,16:00,America/New_York,2026-06-19T16:00:00-04:00,2026-06-19T20:00:00+00:00,2026-06-19,15:00,2026-06-19T15:00:00-05:00,7,Brazil,Brazil,BRA,22,Haiti,Haiti,HAI,6,Philadelphia,United States,Lincoln Financial Field,Philadelphia Stadium,Brazil vs Haiti,To be played,,,,https://fifaworldcup26.hospitality.fifa.com/,https://www.fifa.com/en/tournaments/mens/worldcup/canadamexicousa2026/scores-fixtures,Fixture extraído de FIFA World Cup 2026 Hospitality/On Location. Horas interpretadas como hora local de la sede y convertidas a UTC y America/Lima.
30,30,Fase de grupos,Group Stage,C,2026-06-19,Friday,4:00 pm,16:00,America/New_York,2026-06-19T16:00:00-04:00,2026-06-19T20:00:00+00:00,2026-06-19,15:00,2026-06-19T15:00:00-05:00,38,Scotland,Scotland,SCO,29,Morocco,Morocco,MAR,2,Boston,United States,Gillette Stadium,Boston Stadium,Scotland vs Morocco,To be played,,,,https://fifaworldcup26.hospitality.fifa.com/,https://www.fifa.com/en/tournaments/mens/worldcup/canadamexicousa2026/scores-fixtures,Fixture extraído de FIFA World Cup 2026 Hospitality/On Location. Horas interpretadas como hora local de la sede y convertidas a UTC y America/Lima.
31,31,Fase de grupos,Group Stage,,2026-06-19,Friday,4:00 pm,16:00,America/Los_Angeles,2026-06-19T16:00:00-07:00,2026-06-19T23:00:00+00:00,2026-06-19,18:00,2026-06-19T18:00:00-05:00,,Turkey,Turkey,,34,Paraguay,Paraguay,PAR,,San Francisco Bay Area,United States,Levi's Stadium,San Francisco Bay Area Stadium,Turkey vs Paraguay,To be played,,,,https://fifaworldcup26.hospitality.fifa.com/,https://www.fifa.com/en/tournaments/mens/worldcup/canadamexicousa2026/scores-fixtures,Fixture extraído de FIFA World Cup 2026 Hospitality/On Location. Horas interpretadas como hora local de la sede y convertidas a UTC y America/Lima.
32,32,Fase de grupos,Group Stage,D,2026-06-19,Friday,4:00 pm,16:00,America/Los_Angeles,2026-06-19T16:00:00-07:00,2026-06-19T23:00:00+00:00,2026-06-19,18:00,2026-06-19T18:00:00-05:00,46,United States,United States,USA,3,Australia,Australia,AUS,7,Seattle,United States,Lumen Field,Seattle Stadium,United States vs Australia,To be played,,,,https://fifaworldcup26.hospitality.fifa.com/,https://www.fifa.com/en/tournaments/mens/worldcup/canadamexicousa2026/scores-fixtures,Fixture extraído de FIFA World Cup 2026 Hospitality/On Location. Horas interpretadas como hora local de la sede y convertidas a UTC y America/Lima.
33,33,Fase de grupos,Group Stage,E,2026-06-20,Saturday,4:00 pm,16:00,America/Toronto,2026-06-20T16:00:00-04:00,2026-06-20T20:00:00+00:00,2026-06-20,15:00,2026-06-20T15:00:00-05:00,20,Germany,Germany,GER,15,Côte D'Ivoire,Côte d'Ivoire,CIV,8,Toronto,Canada,BMO Field,Toronto Stadium,Germany vs Côte D'Ivoire,To be played,,,,https://fifaworldcup26.hospitality.fifa.com/,https://www.fifa.com/en/tournaments/mens/worldcup/canadamexicousa2026/scores-fixtures,Fixture extraído de FIFA World Cup 2026 Hospitality/On Location. Horas interpretadas como hora local de la sede y convertidas a UTC y America/Lima.
34,34,Fase de grupos,Group Stage,E,2026-06-20,Saturday,4:00 pm,16:00,America/Chicago,2026-06-20T16:00:00-05:00,2026-06-20T21:00:00+00:00,2026-06-20,16:00,2026-06-20T16:00:00-05:00,16,Ecuador,Ecuador,ECU,13,Curaçao,Curaçao,CUW,,Kansas City,United States,Arrowhead Stadium,Kansas City Stadium,Ecuador vs Curaçao,To be played,,,,https://fifaworldcup26.hospitality.fifa.com/,https://www.fifa.com/en/tournaments/mens/worldcup/canadamexicousa2026/scores-fixtures,Fixture extraído de FIFA World Cup 2026 Hospitality/On Location. Horas interpretadas como hora local de la sede y convertidas a UTC y America/Lima.
35,35,Fase de grupos,Group Stage,F,2026-06-20,Saturday,4:00 pm,16:00,America/Chicago,2026-06-20T16:00:00-05:00,2026-06-20T21:00:00+00:00,2026-06-20,16:00,2026-06-20T16:00:00-05:00,30,Netherlands,Netherlands,NED,42,Sweden,Sweden,SWE,4,Houston,United States,NRG Stadium,Houston Stadium,Netherlands vs Sweden,To be played,,,,https://fifaworldcup26.hospitality.fifa.com/,https://www.fifa.com/en/tournaments/mens/worldcup/canadamexicousa2026/scores-fixtures,Fixture extraído de FIFA World Cup 2026 Hospitality/On Location. Horas interpretadas como hora local de la sede y convertidas a UTC y America/Lima.
36,36,Fase de grupos,Group Stage,F,2026-06-20,Saturday,4:00 pm,16:00,America/Monterrey,2026-06-20T16:00:00-06:00,2026-06-20T22:00:00+00:00,2026-06-20,17:00,2026-06-20T17:00:00-05:00,44,Tunisia,Tunisia,TUN,25,Japan,Japan,JPN,11,Monterrey,Mexico,Estadio BBVA,Monterrey Stadium,Tunisia vs Japan,To be played,,,,https://fifaworldcup26.hospitality.fifa.com/,https://www.fifa.com/en/tournaments/mens/worldcup/canadamexicousa2026/scores-fixtures,Fixture extraído de FIFA World Cup 2026 Hospitality/On Location. Horas interpretadas como hora local de la sede y convertidas a UTC y America/Lima.
37,37,Fase de grupos,Group Stage,H,2026-06-21,Sunday,4:00 pm,16:00,America/New_York,2026-06-21T16:00:00-04:00,2026-06-21T20:00:00+00:00,2026-06-21,15:00,2026-06-21T15:00:00-05:00,47,Uruguay,Uruguay,URU,8,Cabo Verde,Cape Verde,CPV,5,Miami,United States,Hard Rock Stadium,Miami Stadium,Uruguay vs Cabo Verde,To be played,,,,https://fifaworldcup26.hospitality.fifa.com/,https://www.fifa.com/en/tournaments/mens/worldcup/canadamexicousa2026/scores-fixtures,Fixture extraído de FIFA World Cup 2026 Hospitality/On Location. Horas interpretadas como hora local de la sede y convertidas a UTC y America/Lima.
38,38,Fase de grupos,Group Stage,H,2026-06-21,Sunday,4:00 pm,16:00,America/New_York,2026-06-21T16:00:00-04:00,2026-06-21T20:00:00+00:00,2026-06-21,15:00,2026-06-21T15:00:00-05:00,41,Spain,Spain,ESP,37,Saudi Arabia,Saudi Arabia,KSA,1,Atlanta,United States,Mercedes-Benz Stadium,Atlanta Stadium,Spain vs Saudi Arabia,To be played,,,,https://fifaworldcup26.hospitality.fifa.com/,https://www.fifa.com/en/tournaments/mens/worldcup/canadamexicousa2026/scores-fixtures,Fixture extraído de FIFA World Cup 2026 Hospitality/On Location. Horas interpretadas como hora local de la sede y convertidas a UTC y America/Lima.
39,39,Fase de grupos,Group Stage,G,2026-06-21,Sunday,4:00 pm,16:00,America/Los_Angeles,2026-06-21T16:00:00-07:00,2026-06-21T23:00:00+00:00,2026-06-21,18:00,2026-06-21T18:00:00-05:00,5,Belgium,Belgium,BEL,23,Iran,IR Iran,IRN,,Los Angeles,United States,SoFi Stadium,Los Angeles Stadium,Belgium vs Iran,To be played,,,,https://fifaworldcup26.hospitality.fifa.com/,https://www.fifa.com/en/tournaments/mens/worldcup/canadamexicousa2026/scores-fixtures,Fixture extraído de FIFA World Cup 2026 Hospitality/On Location. Horas interpretadas como hora local de la sede y convertidas a UTC y America/Lima.
40,40,Fase de grupos,Group Stage,G,2026-06-21,Sunday,4:00 pm,16:00,America/Vancouver,2026-06-21T16:00:00-07:00,2026-06-21T23:00:00+00:00,2026-06-21,18:00,2026-06-21T18:00:00-05:00,31,New Zealand,New Zealand,NZL,17,Egypt,Egypt,EGY,9,Vancouver,Canada,BC Place,BC Place Vancouver,New Zealand vs Egypt,To be played,,,,https://fifaworldcup26.hospitality.fifa.com/,https://www.fifa.com/en/tournaments/mens/worldcup/canadamexicousa2026/scores-fixtures,Fixture extraído de FIFA World Cup 2026 Hospitality/On Location. Horas interpretadas como hora local de la sede y convertidas a UTC y America/Lima.
41,41,Fase de grupos,Group Stage,I,2026-06-22,Monday,4:00 pm,16:00,America/New_York,2026-06-22T16:00:00-04:00,2026-06-22T20:00:00+00:00,2026-06-22,15:00,2026-06-22T15:00:00-05:00,32,Norway,Norway,NOR,39,Senegal,Senegal,SEN,,New York New Jersey,United States,MetLife Stadium,New York New Jersey Stadium,Norway vs Senegal,To be played,,,,https://fifaworldcup26.hospitality.fifa.com/,https://www.fifa.com/en/tournaments/mens/worldcup/canadamexicousa2026/scores-fixtures,Fixture extraído de FIFA World Cup 2026 Hospitality/On Location. Horas interpretadas como hora local de la sede y convertidas a UTC y America/Lima.
42,42,Fase de grupos,Group Stage,I,2026-06-22,Monday,4:00 pm,16:00,America/New_York,2026-06-22T16:00:00-04:00,2026-06-22T20:00:00+00:00,2026-06-22,15:00,2026-06-22T15:00:00-05:00,19,France,France,FRA,24,Iraq,Iraq,IRQ,6,Philadelphia,United States,Lincoln Financial Field,Philadelphia Stadium,France vs Iraq,To be played,,,,https://fifaworldcup26.hospitality.fifa.com/,https://www.fifa.com/en/tournaments/mens/worldcup/canadamexicousa2026/scores-fixtures,Fixture extraído de FIFA World Cup 2026 Hospitality/On Location. Horas interpretadas como hora local de la sede y convertidas a UTC y America/Lima.
43,43,Fase de grupos,Group Stage,J,2026-06-22,Monday,4:00 pm,16:00,America/Chicago,2026-06-22T16:00:00-05:00,2026-06-22T21:00:00+00:00,2026-06-22,16:00,2026-06-22T16:00:00-05:00,2,Argentina,Argentina,ARG,4,Austria,Austria,AUT,3,Dallas,United States,AT&T Stadium,Dallas Stadium,Argentina vs Austria,To be played,,,,https://fifaworldcup26.hospitality.fifa.com/,https://www.fifa.com/en/tournaments/mens/worldcup/canadamexicousa2026/scores-fixtures,Fixture extraído de FIFA World Cup 2026 Hospitality/On Location. Horas interpretadas como hora local de la sede y convertidas a UTC y America/Lima.
44,44,Fase de grupos,Group Stage,J,2026-06-22,Monday,4:00 pm,16:00,America/Los_Angeles,2026-06-22T16:00:00-07:00,2026-06-22T23:00:00+00:00,2026-06-22,18:00,2026-06-22T18:00:00-05:00,26,Jordan,Jordan,JOR,1,Algeria,Algeria,ALG,,San Francisco Bay Area,United States,Levi's Stadium,San Francisco Bay Area Stadium,Jordan vs Algeria,To be played,,,,https://fifaworldcup26.hospitality.fifa.com/,https://www.fifa.com/en/tournaments/mens/worldcup/canadamexicousa2026/scores-fixtures,Fixture extraído de FIFA World Cup 2026 Hospitality/On Location. Horas interpretadas como hora local de la sede y convertidas a UTC y America/Lima.
45,45,Fase de grupos,Group Stage,L,2026-06-23,Tuesday,4:00 pm,16:00,America/New_York,2026-06-23T16:00:00-04:00,2026-06-23T20:00:00+00:00,2026-06-23,15:00,2026-06-23T15:00:00-05:00,18,England,England,ENG,21,Ghana,Ghana,GHA,2,Boston,United States,Gillette Stadium,Boston Stadium,England vs Ghana,To be played,,,,https://fifaworldcup26.hospitality.fifa.com/,https://www.fifa.com/en/tournaments/mens/worldcup/canadamexicousa2026/scores-fixtures,Fixture extraído de FIFA World Cup 2026 Hospitality/On Location. Horas interpretadas como hora local de la sede y convertidas a UTC y America/Lima.
46,46,Fase de grupos,Group Stage,L,2026-06-23,Tuesday,4:00 pm,16:00,America/Toronto,2026-06-23T16:00:00-04:00,2026-06-23T20:00:00+00:00,2026-06-23,15:00,2026-06-23T15:00:00-05:00,33,Panama,Panama,PAN,12,Croatia,Croatia,CRO,8,Toronto,Canada,BMO Field,Toronto Stadium,Panama vs Croatia,To be played,,,,https://fifaworldcup26.hospitality.fifa.com/,https://www.fifa.com/en/tournaments/mens/worldcup/canadamexicousa2026/scores-fixtures,Fixture extraído de FIFA World Cup 2026 Hospitality/On Location. Horas interpretadas como hora local de la sede y convertidas a UTC y America/Lima.
47,47,Fase de grupos,Group Stage,K,2026-06-23,Tuesday,4:00 pm,16:00,America/Chicago,2026-06-23T16:00:00-05:00,2026-06-23T21:00:00+00:00,2026-06-23,16:00,2026-06-23T16:00:00-05:00,35,Portugal,Portugal,POR,48,Uzbekistan,Uzbekistan,UZB,4,Houston,United States,NRG Stadium,Houston Stadium,Portugal vs Uzbekistan,To be played,,,,https://fifaworldcup26.hospitality.fifa.com/,https://www.fifa.com/en/tournaments/mens/worldcup/canadamexicousa2026/scores-fixtures,Fixture extraído de FIFA World Cup 2026 Hospitality/On Location. Horas interpretadas como hora local de la sede y convertidas a UTC y America/Lima.
48,48,Fase de grupos,Group Stage,K,2026-06-23,Tuesday,4:00 pm,16:00,America/Mexico_City,2026-06-23T16:00:00-06:00,2026-06-23T22:00:00+00:00,2026-06-23,17:00,2026-06-23T17:00:00-05:00,10,Colombia,Colombia,COL,11,Congo DR,Congo DR,COD,10,Guadalajara,Mexico,Estadio Akron,Guadalajara Stadium,Colombia vs Congo DR,To be played,,,,https://fifaworldcup26.hospitality.fifa.com/,https://www.fifa.com/en/tournaments/mens/worldcup/canadamexicousa2026/scores-fixtures,Fixture extraído de FIFA World Cup 2026 Hospitality/On Location. Horas interpretadas como hora local de la sede y convertidas a UTC y America/Lima.
49,49,Fase de grupos,Group Stage,C,2026-06-24,Wednesday,4:00 pm,16:00,America/New_York,2026-06-24T16:00:00-04:00,2026-06-24T20:00:00+00:00,2026-06-24,15:00,2026-06-24T15:00:00-05:00,38,Scotland,Scotland,SCO,7,Brazil,Brazil,BRA,5,Miami,United States,Hard Rock Stadium,Miami Stadium,Scotland vs Brazil,To be played,,,,https://fifaworldcup26.hospitality.fifa.com/,https://www.fifa.com/en/tournaments/mens/worldcup/canadamexicousa2026/scores-fixtures,Fixture extraído de FIFA World Cup 2026 Hospitality/On Location. Horas interpretadas como hora local de la sede y convertidas a UTC y America/Lima.
50,50,Fase de grupos,Group Stage,C,2026-06-24,Wednesday,4:00 pm,16:00,America/New_York,2026-06-24T16:00:00-04:00,2026-06-24T20:00:00+00:00,2026-06-24,15:00,2026-06-24T15:00:00-05:00,29,Morocco,Morocco,MAR,22,Haiti,Haiti,HAI,1,Atlanta,United States,Mercedes-Benz Stadium,Atlanta Stadium,Morocco vs Haiti,To be played,,,,https://fifaworldcup26.hospitality.fifa.com/,https://www.fifa.com/en/tournaments/mens/worldcup/canadamexicousa2026/scores-fixtures,Fixture extraído de FIFA World Cup 2026 Hospitality/On Location. Horas interpretadas como hora local de la sede y convertidas a UTC y America/Lima.
51,51,Fase de grupos,Group Stage,B,2026-06-24,Wednesday,4:00 pm,16:00,America/Vancouver,2026-06-24T16:00:00-07:00,2026-06-24T23:00:00+00:00,2026-06-24,18:00,2026-06-24T18:00:00-05:00,43,Switzerland,Switzerland,SUI,9,Canada,Canada,CAN,9,Vancouver,Canada,BC Place,BC Place Vancouver,Switzerland vs Canada,To be played,,,,https://fifaworldcup26.hospitality.fifa.com/,https://www.fifa.com/en/tournaments/mens/worldcup/canadamexicousa2026/scores-fixtures,Fixture extraído de FIFA World Cup 2026 Hospitality/On Location. Horas interpretadas como hora local de la sede y convertidas a UTC y America/Lima.
52,52,Fase de grupos,Group Stage,B,2026-06-24,Wednesday,4:00 pm,16:00,America/Los_Angeles,2026-06-24T16:00:00-07:00,2026-06-24T23:00:00+00:00,2026-06-24,18:00,2026-06-24T18:00:00-05:00,6,Bosnia And Herzegovina,Bosnia & Herzegovina,BIH,36,Qatar,Qatar,QAT,7,Seattle,United States,Lumen Field,Seattle Stadium,Bosnia And Herzegovina vs Qatar,To be played,,,,https://fifaworldcup26.hospitality.fifa.com/,https://www.fifa.com/en/tournaments/mens/worldcup/canadamexicousa2026/scores-fixtures,Fixture extraído de FIFA World Cup 2026 Hospitality/On Location. Horas interpretadas como hora local de la sede y convertidas a UTC y America/Lima.
53,53,Fase de grupos,Group Stage,A,2026-06-24,Wednesday,4:00 pm,16:00,America/Mexico_City,2026-06-24T16:00:00-06:00,2026-06-24T22:00:00+00:00,2026-06-24,17:00,2026-06-24T17:00:00-05:00,14,Czechia,Czechia,CZE,28,Mexico,Mexico,MEX,,Mexico City,Mexico,Estadio Azteca,Mexico City Stadium,Czechia vs Mexico,To be played,,,,https://fifaworldcup26.hospitality.fifa.com/,https://www.fifa.com/en/tournaments/mens/worldcup/canadamexicousa2026/scores-fixtures,Fixture extraído de FIFA World Cup 2026 Hospitality/On Location. Horas interpretadas como hora local de la sede y convertidas a UTC y America/Lima.
54,54,Fase de grupos,Group Stage,A,2026-06-24,Wednesday,4:00 pm,16:00,America/Monterrey,2026-06-24T16:00:00-06:00,2026-06-24T22:00:00+00:00,2026-06-24,17:00,2026-06-24T17:00:00-05:00,40,South Africa,South Africa,RSA,27,Korea Republic,Korea Republic,KOR,11,Monterrey,Mexico,Estadio BBVA,Monterrey Stadium,South Africa vs Korea Republic,To be played,,,,https://fifaworldcup26.hospitality.fifa.com/,https://www.fifa.com/en/tournaments/mens/worldcup/canadamexicousa2026/scores-fixtures,Fixture extraído de FIFA World Cup 2026 Hospitality/On Location. Horas interpretadas como hora local de la sede y convertidas a UTC y America/Lima.
55,55,Fase de grupos,Group Stage,E,2026-06-25,Thursday,4:00 pm,16:00,America/New_York,2026-06-25T16:00:00-04:00,2026-06-25T20:00:00+00:00,2026-06-25,15:00,2026-06-25T15:00:00-05:00,13,Curaçao,Curaçao,CUW,15,Côte D'Ivoire,Côte d'Ivoire,CIV,6,Philadelphia,United States,Lincoln Financial Field,Philadelphia Stadium,Curaçao vs Côte D'Ivoire,To be played,,,,https://fifaworldcup26.hospitality.fifa.com/,https://www.fifa.com/en/tournaments/mens/worldcup/canadamexicousa2026/scores-fixtures,Fixture extraído de FIFA World Cup 2026 Hospitality/On Location. Horas interpretadas como hora local de la sede y convertidas a UTC y America/Lima.
56,56,Fase de grupos,Group Stage,E,2026-06-25,Thursday,4:00 pm,16:00,America/New_York,2026-06-25T16:00:00-04:00,2026-06-25T20:00:00+00:00,2026-06-25,15:00,2026-06-25T15:00:00-05:00,16,Ecuador,Ecuador,ECU,20,Germany,Germany,GER,,New York New Jersey,United States,MetLife Stadium,New York New Jersey Stadium,Ecuador vs Germany,To be played,,,,https://fifaworldcup26.hospitality.fifa.com/,https://www.fifa.com/en/tournaments/mens/worldcup/canadamexicousa2026/scores-fixtures,Fixture extraído de FIFA World Cup 2026 Hospitality/On Location. Horas interpretadas como hora local de la sede y convertidas a UTC y America/Lima.
57,57,Fase de grupos,Group Stage,F,2026-06-25,Thursday,4:00 pm,16:00,America/Chicago,2026-06-25T16:00:00-05:00,2026-06-25T21:00:00+00:00,2026-06-25,16:00,2026-06-25T16:00:00-05:00,25,Japan,Japan,JPN,42,Sweden,Sweden,SWE,3,Dallas,United States,AT&T Stadium,Dallas Stadium,Japan vs Sweden,To be played,,,,https://fifaworldcup26.hospitality.fifa.com/,https://www.fifa.com/en/tournaments/mens/worldcup/canadamexicousa2026/scores-fixtures,Fixture extraído de FIFA World Cup 2026 Hospitality/On Location. Horas interpretadas como hora local de la sede y convertidas a UTC y America/Lima.
58,58,Fase de grupos,Group Stage,F,2026-06-25,Thursday,4:00 pm,16:00,America/Chicago,2026-06-25T16:00:00-05:00,2026-06-25T21:00:00+00:00,2026-06-25,16:00,2026-06-25T16:00:00-05:00,44,Tunisia,Tunisia,TUN,,The Netherlands,The Netherlands,,,Kansas City,United States,Arrowhead Stadium,Kansas City Stadium,Tunisia vs The Netherlands,To be played,,,,https://fifaworldcup26.hospitality.fifa.com/,https://www.fifa.com/en/tournaments/mens/worldcup/canadamexicousa2026/scores-fixtures,Fixture extraído de FIFA World Cup 2026 Hospitality/On Location. Horas interpretadas como hora local de la sede y convertidas a UTC y America/Lima.
59,59,Fase de grupos,Group Stage,D,2026-06-25,Thursday,4:00 pm,16:00,America/Los_Angeles,2026-06-25T16:00:00-07:00,2026-06-25T23:00:00+00:00,2026-06-25,18:00,2026-06-25T18:00:00-05:00,45,Türkiye,Turkiye,TUR,46,United States,United States,USA,,Los Angeles,United States,SoFi Stadium,Los Angeles Stadium,Türkiye vs United States,To be played,,,,https://fifaworldcup26.hospitality.fifa.com/,https://www.fifa.com/en/tournaments/mens/worldcup/canadamexicousa2026/scores-fixtures,Fixture extraído de FIFA World Cup 2026 Hospitality/On Location. Horas interpretadas como hora local de la sede y convertidas a UTC y America/Lima.
60,60,Fase de grupos,Group Stage,D,2026-06-25,Thursday,4:00 pm,16:00,America/Los_Angeles,2026-06-25T16:00:00-07:00,2026-06-25T23:00:00+00:00,2026-06-25,18:00,2026-06-25T18:00:00-05:00,34,Paraguay,Paraguay,PAR,3,Australia,Australia,AUS,,San Francisco Bay Area,United States,Levi's Stadium,San Francisco Bay Area Stadium,Paraguay vs Australia,To be played,,,,https://fifaworldcup26.hospitality.fifa.com/,https://www.fifa.com/en/tournaments/mens/worldcup/canadamexicousa2026/scores-fixtures,Fixture extraído de FIFA World Cup 2026 Hospitality/On Location. Horas interpretadas como hora local de la sede y convertidas a UTC y America/Lima.
61,61,Fase de grupos,Group Stage,I,2026-06-26,Friday,4:00 pm,16:00,America/New_York,2026-06-26T16:00:00-04:00,2026-06-26T20:00:00+00:00,2026-06-26,15:00,2026-06-26T15:00:00-05:00,32,Norway,Norway,NOR,19,France,France,FRA,2,Boston,United States,Gillette Stadium,Boston Stadium,Norway vs France,To be played,,,,https://fifaworldcup26.hospitality.fifa.com/,https://www.fifa.com/en/tournaments/mens/worldcup/canadamexicousa2026/scores-fixtures,Fixture extraído de FIFA World Cup 2026 Hospitality/On Location. Horas interpretadas como hora local de la sede y convertidas a UTC y America/Lima.
62,62,Fase de grupos,Group Stage,I,2026-06-26,Friday,4:00 pm,16:00,America/Toronto,2026-06-26T16:00:00-04:00,2026-06-26T20:00:00+00:00,2026-06-26,15:00,2026-06-26T15:00:00-05:00,39,Senegal,Senegal,SEN,24,Iraq,Iraq,IRQ,8,Toronto,Canada,BMO Field,Toronto Stadium,Senegal vs Iraq,To be played,,,,https://fifaworldcup26.hospitality.fifa.com/,https://www.fifa.com/en/tournaments/mens/worldcup/canadamexicousa2026/scores-fixtures,Fixture extraído de FIFA World Cup 2026 Hospitality/On Location. Horas interpretadas como hora local de la sede y convertidas a UTC y America/Lima.
63,63,Fase de grupos,Group Stage,G,2026-06-26,Friday,4:00 pm,16:00,America/Los_Angeles,2026-06-26T16:00:00-07:00,2026-06-26T23:00:00+00:00,2026-06-26,18:00,2026-06-26T18:00:00-05:00,17,Egypt,Egypt,EGY,23,Iran,IR Iran,IRN,7,Seattle,United States,Lumen Field,Seattle Stadium,Egypt vs Iran,To be played,,,,https://fifaworldcup26.hospitality.fifa.com/,https://www.fifa.com/en/tournaments/mens/worldcup/canadamexicousa2026/scores-fixtures,Fixture extraído de FIFA World Cup 2026 Hospitality/On Location. Horas interpretadas como hora local de la sede y convertidas a UTC y America/Lima.
64,64,Fase de grupos,Group Stage,G,2026-06-26,Friday,4:00 pm,16:00,America/Vancouver,2026-06-26T16:00:00-07:00,2026-06-26T23:00:00+00:00,2026-06-26,18:00,2026-06-26T18:00:00-05:00,31,New Zealand,New Zealand,NZL,5,Belgium,Belgium,BEL,9,Vancouver,Canada,BC Place,BC Place Vancouver,New Zealand vs Belgium,To be played,,,,https://fifaworldcup26.hospitality.fifa.com/,https://www.fifa.com/en/tournaments/mens/worldcup/canadamexicousa2026/scores-fixtures,Fixture extraído de FIFA World Cup 2026 Hospitality/On Location. Horas interpretadas como hora local de la sede y convertidas a UTC y America/Lima.
65,65,Fase de grupos,Group Stage,H,2026-06-26,Friday,4:00 pm,16:00,America/Chicago,2026-06-26T16:00:00-05:00,2026-06-26T21:00:00+00:00,2026-06-26,16:00,2026-06-26T16:00:00-05:00,8,Cabo Verde,Cape Verde,CPV,37,Saudi Arabia,Saudi Arabia,KSA,4,Houston,United States,NRG Stadium,Houston Stadium,Cabo Verde vs Saudi Arabia,To be played,,,,https://fifaworldcup26.hospitality.fifa.com/,https://www.fifa.com/en/tournaments/mens/worldcup/canadamexicousa2026/scores-fixtures,Fixture extraído de FIFA World Cup 2026 Hospitality/On Location. Horas interpretadas como hora local de la sede y convertidas a UTC y America/Lima.
66,66,Fase de grupos,Group Stage,H,2026-06-26,Friday,4:00 pm,16:00,America/Mexico_City,2026-06-26T16:00:00-06:00,2026-06-26T22:00:00+00:00,2026-06-26,17:00,2026-06-26T17:00:00-05:00,47,Uruguay,Uruguay,URU,41,Spain,Spain,ESP,10,Guadalajara,Mexico,Estadio Akron,Guadalajara Stadium,Uruguay vs Spain,To be played,,,,https://fifaworldcup26.hospitality.fifa.com/,https://www.fifa.com/en/tournaments/mens/worldcup/canadamexicousa2026/scores-fixtures,Fixture extraído de FIFA World Cup 2026 Hospitality/On Location. Horas interpretadas como hora local de la sede y convertidas a UTC y America/Lima.
67,67,Fase de grupos,Group Stage,L,2026-06-27,Saturday,4:00 pm,16:00,America/New_York,2026-06-27T16:00:00-04:00,2026-06-27T20:00:00+00:00,2026-06-27,15:00,2026-06-27T15:00:00-05:00,33,Panama,Panama,PAN,18,England,England,ENG,,New York New Jersey,United States,MetLife Stadium,New York New Jersey Stadium,Panama vs England,To be played,,,,https://fifaworldcup26.hospitality.fifa.com/,https://www.fifa.com/en/tournaments/mens/worldcup/canadamexicousa2026/scores-fixtures,Fixture extraído de FIFA World Cup 2026 Hospitality/On Location. Horas interpretadas como hora local de la sede y convertidas a UTC y America/Lima.
68,68,Fase de grupos,Group Stage,L,2026-06-27,Saturday,4:00 pm,16:00,America/New_York,2026-06-27T16:00:00-04:00,2026-06-27T20:00:00+00:00,2026-06-27,15:00,2026-06-27T15:00:00-05:00,12,Croatia,Croatia,CRO,21,Ghana,Ghana,GHA,6,Philadelphia,United States,Lincoln Financial Field,Philadelphia Stadium,Croatia vs Ghana,To be played,,,,https://fifaworldcup26.hospitality.fifa.com/,https://www.fifa.com/en/tournaments/mens/worldcup/canadamexicousa2026/scores-fixtures,Fixture extraído de FIFA World Cup 2026 Hospitality/On Location. Horas interpretadas como hora local de la sede y convertidas a UTC y America/Lima.
69,69,Fase de grupos,Group Stage,J,2026-06-27,Saturday,4:00 pm,16:00,America/Chicago,2026-06-27T16:00:00-05:00,2026-06-27T21:00:00+00:00,2026-06-27,16:00,2026-06-27T16:00:00-05:00,1,Algeria,Algeria,ALG,4,Austria,Austria,AUT,,Kansas City,United States,Arrowhead Stadium,Kansas City Stadium,Algeria vs Austria,To be played,,,,https://fifaworldcup26.hospitality.fifa.com/,https://www.fifa.com/en/tournaments/mens/worldcup/canadamexicousa2026/scores-fixtures,Fixture extraído de FIFA World Cup 2026 Hospitality/On Location. Horas interpretadas como hora local de la sede y convertidas a UTC y America/Lima.
70,70,Fase de grupos,Group Stage,J,2026-06-27,Saturday,4:00 pm,16:00,America/Chicago,2026-06-27T16:00:00-05:00,2026-06-27T21:00:00+00:00,2026-06-27,16:00,2026-06-27T16:00:00-05:00,26,Jordan,Jordan,JOR,2,Argentina,Argentina,ARG,3,Dallas,United States,AT&T Stadium,Dallas Stadium,Jordan vs Argentina,To be played,,,,https://fifaworldcup26.hospitality.fifa.com/,https://www.fifa.com/en/tournaments/mens/worldcup/canadamexicousa2026/scores-fixtures,Fixture extraído de FIFA World Cup 2026 Hospitality/On Location. Horas interpretadas como hora local de la sede y convertidas a UTC y America/Lima.
71,71,Fase de grupos,Group Stage,K,2026-06-27,Saturday,4:00 pm,16:00,America/Chicago,2026-06-27T16:00:00-05:00,2026-06-27T21:00:00+00:00,2026-06-27,16:00,2026-06-27T16:00:00-05:00,10,Colombia,Colombia,COL,35,Portugal,Portugal,POR,3,Dallas,United States,AT&T Stadium,Dallas Stadium,Colombia vs Portugal,To be played,,,,https://fifaworldcup26.hospitality.fifa.com/,https://www.fifa.com/en/tournaments/mens/worldcup/canadamexicousa2026/scores-fixtures,Fixture extraído de FIFA World Cup 2026 Hospitality/On Location. Horas interpretadas como hora local de la sede y convertidas a UTC y America/Lima.
72,72,Fase de grupos,Group Stage,K,2026-06-27,Saturday,4:00 pm,16:00,America/New_York,2026-06-27T16:00:00-04:00,2026-06-27T20:00:00+00:00,2026-06-27,15:00,2026-06-27T15:00:00-05:00,11,Congo DR,Congo DR,COD,48,Uzbekistan,Uzbekistan,UZB,1,Atlanta,United States,Mercedes-Benz Stadium,Atlanta Stadium,Congo DR vs Uzbekistan,To be played,,,,https://fifaworldcup26.hospitality.fifa.com/,https://www.fifa.com/en/tournaments/mens/worldcup/canadamexicousa2026/scores-fixtures,Fixture extraído de FIFA World Cup 2026 Hospitality/On Location. Horas interpretadas como hora local de la sede y convertidas a UTC y America/Lima.
73,73,Dieciseisavos de final,Round of 32,,2026-06-28,Sunday,4:00 pm,16:00,America/Los_Angeles,2026-06-28T16:00:00-07:00,2026-06-28T23:00:00+00:00,2026-06-28,18:00,2026-06-28T18:00:00-05:00,,2A,2A,,,2B,2B,,,Los Angeles,United States,SoFi Stadium,Los Angeles Stadium,2A vs 2B,To be played,,,,https://fifaworldcup26.hospitality.fifa.com/,https://www.fifa.com/en/tournaments/mens/worldcup/canadamexicousa2026/scores-fixtures,Fixture extraído de FIFA World Cup 2026 Hospitality/On Location. Horas interpretadas como hora local de la sede y convertidas a UTC y America/Lima.
74,74,Dieciseisavos de final,Round of 32,,2026-06-29,Monday,4:00 pm,16:00,America/New_York,2026-06-29T16:00:00-04:00,2026-06-29T20:00:00+00:00,2026-06-29,15:00,2026-06-29T15:00:00-05:00,,1E,1E,,,3ABCDF,3ABCDF,,2,Boston,United States,Gillette Stadium,Boston Stadium,1E vs 3ABCDF,To be played,,,,https://fifaworldcup26.hospitality.fifa.com/,https://www.fifa.com/en/tournaments/mens/worldcup/canadamexicousa2026/scores-fixtures,Fixture extraído de FIFA World Cup 2026 Hospitality/On Location. Horas interpretadas como hora local de la sede y convertidas a UTC y America/Lima.
75,75,Dieciseisavos de final,Round of 32,,2026-06-29,Monday,4:00 pm,16:00,America/Monterrey,2026-06-29T16:00:00-06:00,2026-06-29T22:00:00+00:00,2026-06-29,17:00,2026-06-29T17:00:00-05:00,,1F,1F,,,2C,2C,,11,Monterrey,Mexico,Estadio BBVA,Monterrey Stadium,1F vs 2C,To be played,,,,https://fifaworldcup26.hospitality.fifa.com/,https://www.fifa.com/en/tournaments/mens/worldcup/canadamexicousa2026/scores-fixtures,Fixture extraído de FIFA World Cup 2026 Hospitality/On Location. Horas interpretadas como hora local de la sede y convertidas a UTC y America/Lima.
76,76,Dieciseisavos de final,Round of 32,,2026-06-29,Monday,4:00 pm,16:00,America/Chicago,2026-06-29T16:00:00-05:00,2026-06-29T21:00:00+00:00,2026-06-29,16:00,2026-06-29T16:00:00-05:00,,1C,1C,,,2F,2F,,4,Houston,United States,NRG Stadium,Houston Stadium,1C vs 2F,To be played,,,,https://fifaworldcup26.hospitality.fifa.com/,https://www.fifa.com/en/tournaments/mens/worldcup/canadamexicousa2026/scores-fixtures,Fixture extraído de FIFA World Cup 2026 Hospitality/On Location. Horas interpretadas como hora local de la sede y convertidas a UTC y America/Lima.
77,77,Dieciseisavos de final,Round of 32,,2026-06-30,Tuesday,4:00 pm,16:00,America/New_York,2026-06-30T16:00:00-04:00,2026-06-30T20:00:00+00:00,2026-06-30,15:00,2026-06-30T15:00:00-05:00,,1I,1I,,,3CDFGH,3CDFGH,,,New York New Jersey,United States,MetLife Stadium,New York New Jersey Stadium,1I vs 3CDFGH,To be played,,,,https://fifaworldcup26.hospitality.fifa.com/,https://www.fifa.com/en/tournaments/mens/worldcup/canadamexicousa2026/scores-fixtures,Fixture extraído de FIFA World Cup 2026 Hospitality/On Location. Horas interpretadas como hora local de la sede y convertidas a UTC y America/Lima.
78,78,Dieciseisavos de final,Round of 32,,2026-06-30,Tuesday,4:00 pm,16:00,America/Chicago,2026-06-30T16:00:00-05:00,2026-06-30T21:00:00+00:00,2026-06-30,16:00,2026-06-30T16:00:00-05:00,,2E,2E,,,2I,2I,,3,Dallas,United States,AT&T Stadium,Dallas Stadium,2E vs 2I,To be played,,,,https://fifaworldcup26.hospitality.fifa.com/,https://www.fifa.com/en/tournaments/mens/worldcup/canadamexicousa2026/scores-fixtures,Fixture extraído de FIFA World Cup 2026 Hospitality/On Location. Horas interpretadas como hora local de la sede y convertidas a UTC y America/Lima.
79,79,Dieciseisavos de final,Round of 32,,2026-06-30,Tuesday,4:00 pm,16:00,America/Mexico_City,2026-06-30T16:00:00-06:00,2026-06-30T22:00:00+00:00,2026-06-30,17:00,2026-06-30T17:00:00-05:00,,1A,1A,,,3CEFHI,3CEFHI,,,Mexico City,Mexico,Estadio Azteca,Mexico City Stadium,1A vs 3CEFHI,To be played,,,,https://fifaworldcup26.hospitality.fifa.com/,https://www.fifa.com/en/tournaments/mens/worldcup/canadamexicousa2026/scores-fixtures,Fixture extraído de FIFA World Cup 2026 Hospitality/On Location. Horas interpretadas como hora local de la sede y convertidas a UTC y America/Lima.
80,80,Dieciseisavos de final,Round of 32,,2026-07-01,Wednesday,4:00 pm,16:00,America/New_York,2026-07-01T16:00:00-04:00,2026-07-01T20:00:00+00:00,2026-07-01,15:00,2026-07-01T15:00:00-05:00,,1L,1L,,,3EHIJK,3EHIJK,,1,Atlanta,United States,Mercedes-Benz Stadium,Atlanta Stadium,1L vs 3EHIJK,To be played,,,,https://fifaworldcup26.hospitality.fifa.com/,https://www.fifa.com/en/tournaments/mens/worldcup/canadamexicousa2026/scores-fixtures,Fixture extraído de FIFA World Cup 2026 Hospitality/On Location. Horas interpretadas como hora local de la sede y convertidas a UTC y America/Lima.
81,81,Dieciseisavos de final,Round of 32,,2026-07-01,Wednesday,4:00 pm,16:00,America/Los_Angeles,2026-07-01T16:00:00-07:00,2026-07-01T23:00:00+00:00,2026-07-01,18:00,2026-07-01T18:00:00-05:00,,1D,1D,,,3BEFIJ,3BEFIJ,,,San Francisco Bay Area,United States,Levi's Stadium,San Francisco Bay Area Stadium,1D vs 3BEFIJ,To be played,,,,https://fifaworldcup26.hospitality.fifa.com/,https://www.fifa.com/en/tournaments/mens/worldcup/canadamexicousa2026/scores-fixtures,Fixture extraído de FIFA World Cup 2026 Hospitality/On Location. Horas interpretadas como hora local de la sede y convertidas a UTC y America/Lima.
82,82,Dieciseisavos de final,Round of 32,,2026-07-01,Wednesday,4:00 pm,16:00,America/Los_Angeles,2026-07-01T16:00:00-07:00,2026-07-01T23:00:00+00:00,2026-07-01,18:00,2026-07-01T18:00:00-05:00,,1G,1G,,,3AEHIJ,3AEHIJ,,7,Seattle,United States,Lumen Field,Seattle Stadium,1G vs 3AEHIJ,To be played,,,,https://fifaworldcup26.hospitality.fifa.com/,https://www.fifa.com/en/tournaments/mens/worldcup/canadamexicousa2026/scores-fixtures,Fixture extraído de FIFA World Cup 2026 Hospitality/On Location. Horas interpretadas como hora local de la sede y convertidas a UTC y America/Lima.
83,83,Dieciseisavos de final,Round of 32,,2026-07-02,Thursday,4:00 pm,16:00,America/Toronto,2026-07-02T16:00:00-04:00,2026-07-02T20:00:00+00:00,2026-07-02,15:00,2026-07-02T15:00:00-05:00,,2K,2K,,,2L,2L,,8,Toronto,Canada,BMO Field,Toronto Stadium,2K vs 2L,To be played,,,,https://fifaworldcup26.hospitality.fifa.com/,https://www.fifa.com/en/tournaments/mens/worldcup/canadamexicousa2026/scores-fixtures,Fixture extraído de FIFA World Cup 2026 Hospitality/On Location. Horas interpretadas como hora local de la sede y convertidas a UTC y America/Lima.
84,84,Dieciseisavos de final,Round of 32,,2026-07-02,Thursday,4:00 pm,16:00,America/Los_Angeles,2026-07-02T16:00:00-07:00,2026-07-02T23:00:00+00:00,2026-07-02,18:00,2026-07-02T18:00:00-05:00,,1H,1H,,,2J,2J,,,Los Angeles,United States,SoFi Stadium,Los Angeles Stadium,1H vs 2J,To be played,,,,https://fifaworldcup26.hospitality.fifa.com/,https://www.fifa.com/en/tournaments/mens/worldcup/canadamexicousa2026/scores-fixtures,Fixture extraído de FIFA World Cup 2026 Hospitality/On Location. Horas interpretadas como hora local de la sede y convertidas a UTC y America/Lima.
85,85,Dieciseisavos de final,Round of 32,,2026-07-02,Thursday,4:00 pm,16:00,America/Vancouver,2026-07-02T16:00:00-07:00,2026-07-02T23:00:00+00:00,2026-07-02,18:00,2026-07-02T18:00:00-05:00,,1B,1B,,,3EFGIJ,3EFGIJ,,9,Vancouver,Canada,BC Place,BC Place Vancouver,1B vs 3EFGIJ,To be played,,,,https://fifaworldcup26.hospitality.fifa.com/,https://www.fifa.com/en/tournaments/mens/worldcup/canadamexicousa2026/scores-fixtures,Fixture extraído de FIFA World Cup 2026 Hospitality/On Location. Horas interpretadas como hora local de la sede y convertidas a UTC y America/Lima.
86,86,Dieciseisavos de final,Round of 32,,2026-07-03,Friday,4:00 pm,16:00,America/New_York,2026-07-03T16:00:00-04:00,2026-07-03T20:00:00+00:00,2026-07-03,15:00,2026-07-03T15:00:00-05:00,,1J,1J,,,2H,2H,,5,Miami,United States,Hard Rock Stadium,Miami Stadium,1J vs 2H,To be played,,,,https://fifaworldcup26.hospitality.fifa.com/,https://www.fifa.com/en/tournaments/mens/worldcup/canadamexicousa2026/scores-fixtures,Fixture extraído de FIFA World Cup 2026 Hospitality/On Location. Horas interpretadas como hora local de la sede y convertidas a UTC y America/Lima.
87,87,Dieciseisavos de final,Round of 32,,2026-07-03,Friday,4:00 pm,16:00,America/Chicago,2026-07-03T16:00:00-05:00,2026-07-03T21:00:00+00:00,2026-07-03,16:00,2026-07-03T16:00:00-05:00,,1K,1K,,,3DEIJL,3DEIJL,,,Kansas City,United States,Arrowhead Stadium,Kansas City Stadium,1K vs 3DEIJL,To be played,,,,https://fifaworldcup26.hospitality.fifa.com/,https://www.fifa.com/en/tournaments/mens/worldcup/canadamexicousa2026/scores-fixtures,Fixture extraído de FIFA World Cup 2026 Hospitality/On Location. Horas interpretadas como hora local de la sede y convertidas a UTC y America/Lima.
88,88,Dieciseisavos de final,Round of 32,,2026-07-03,Friday,4:00 pm,16:00,America/Chicago,2026-07-03T16:00:00-05:00,2026-07-03T21:00:00+00:00,2026-07-03,16:00,2026-07-03T16:00:00-05:00,,2D,2D,,,2G,2G,,3,Dallas,United States,AT&T Stadium,Dallas Stadium,2D vs 2G,To be played,,,,https://fifaworldcup26.hospitality.fifa.com/,https://www.fifa.com/en/tournaments/mens/worldcup/canadamexicousa2026/scores-fixtures,Fixture extraído de FIFA World Cup 2026 Hospitality/On Location. Horas interpretadas como hora local de la sede y convertidas a UTC y America/Lima.
98,98,Cuartos de final,Quarter-finals,,2026-07-10,Friday,4:00 pm,16:00,America/Los_Angeles,2026-07-10T16:00:00-07:00,2026-07-10T23:00:00+00:00,2026-07-10,18:00,2026-07-10T18:00:00-05:00,,W93,W93,,,W94,W94,,,Los Angeles,United States,SoFi Stadium,Los Angeles Stadium,W93 vs W94,To be played,,,,https://fifaworldcup26.hospitality.fifa.com/,https://www.fifa.com/en/tournaments/mens/worldcup/canadamexicousa2026/scores-fixtures,Fixture extraído de FIFA World Cup 2026 Hospitality/On Location. Horas interpretadas como hora local de la sede y convertidas a UTC y America/Lima.
100,100,Cuartos de final,Quarter-finals,,2026-07-11,Saturday,4:00 pm,16:00,America/Chicago,2026-07-11T16:00:00-05:00,2026-07-11T21:00:00+00:00,2026-07-11,16:00,2026-07-11T16:00:00-05:00,,W95,W95,,,W96,W96,,,Kansas City,United States,Arrowhead Stadium,Kansas City Stadium,W95 vs W96,To be played,,,,https://fifaworldcup26.hospitality.fifa.com/,https://www.fifa.com/en/tournaments/mens/worldcup/canadamexicousa2026/scores-fixtures,Fixture extraído de FIFA World Cup 2026 Hospitality/On Location. Horas interpretadas como hora local de la sede y convertidas a UTC y America/Lima.
